ID + pdf_title,ID,URL,Title,pdf_id,pdf_title,pdf_url_original,pdf_url,
056e0332-d3c3-4018-a8db-267eeb787b61https://americanstudies.yale.edu/sites/default/files/files/keyword%20coalition_readings.pdf,056e0332-d3c3-4018-a8db-267eeb787b61,https://sustainability.yale.edu/explainers/yale-experts-explain-intersectionality-and-climate-change,Yale Experts Explain Intersectionality and Climate Change,1,Keyword%20coalition readings,https://americanstudies.yale.edu/sites/default/files/files/keyword%20coalition_readings.pdf,https://americanstudies.yale.edu/sites/default/files/files/Keyword%20Coalition_Readings.pdf,TRUE
0859efbc-fb70-4eb9-8de7-48e7cbfce0d4https://unfccc.int/resource/docs/publications/tech_for_adaptation_06.pdf,0859efbc-fb70-4eb9-8de7-48e7cbfce0d4,https://bfaglobal.com/insights/stories-of-climate-change-and-resilience/,Stories from End Users and Climate Resilience,1,Tech for adaptation 06,https://unfccc.int/resource/docs/publications/tech_for_adaptation_06.pdf,https://unfccc.int/resource/docs/publications/tech_for_adaptation_06.pdf,TRUE
0859efbc-fb70-4eb9-8de7-48e7cbfce0d4http://www.fao.org/3/ca6681en/ca6681en.pdf,0859efbc-fb70-4eb9-8de7-48e7cbfce0d4,https://bfaglobal.com/insights/stories-of-climate-change-and-resilience/,Stories from End Users and Climate Resilience,2,Ca6681en,http://www.fao.org/3/ca6681en/ca6681en.pdf,http://www.fao.org/3/ca6681en/CA6681EN.pdf,TRUE
0859efbc-fb70-4eb9-8de7-48e7cbfce0d4http://www.fao.org/3/ca6681en/ca6681en.pdf,0859efbc-fb70-4eb9-8de7-48e7cbfce0d4,https://bfaglobal.com/insights/stories-of-climate-change-and-resilience/,Stories from End Users and Climate Resilience,3,Ca6681en,http://www.fao.org/3/ca6681en/ca6681en.pdf,http://www.fao.org/3/ca6681en/CA6681EN.pdf,TRUE
0859efbc-fb70-4eb9-8de7-48e7cbfce0d4https://www.ipcc.ch/site/assets/uploads/2018/02/wgiiar5-chap9_final.pdf,0859efbc-fb70-4eb9-8de7-48e7cbfce0d4,https://bfaglobal.com/insights/stories-of-climate-change-and-resilience/,Stories from End Users and Climate Resilience,4,Wgiiar5-chap9 final,https://www.ipcc.ch/site/assets/uploads/2018/02/wgiiar5-chap9_final.pdf,https://www.ipcc.ch/site/assets/uploads/2018/02/WGIIAR5-Chap9_FINAL.pdf,TRUE
0859efbc-fb70-4eb9-8de7-48e7cbfce0d4https://www.un.org/sustainabledevelopment/wp-content/uploads/2017/05/ocean-fact-sheet-package.pdf,0859efbc-fb70-4eb9-8de7-48e7cbfce0d4,https://bfaglobal.com/insights/stories-of-climate-change-and-resilience/,Stories from End Users and Climate Resilience,5,Ocean-fact-sheet-package,https://www.un.org/sustainabledevelopment/wp-content/uploads/2017/05/ocean-fact-sheet-package.pdf,https://www.un.org/sustainabledevelopment/wp-content/uploads/2017/05/Ocean-fact-sheet-package.pdf,TRUE
0859efbc-fb70-4eb9-8de7-48e7cbfce0d4https://www.un.org/sustainabledevelopment/wp-content/uploads/2017/05/ocean-fact-sheet-package.pdf,0859efbc-fb70-4eb9-8de7-48e7cbfce0d4,https://bfaglobal.com/insights/stories-of-climate-change-and-resilience/,Stories from End Users and Climate Resilience,6,Ocean-fact-sheet-package,https://www.un.org/sustainabledevelopment/wp-content/uploads/2017/05/ocean-fact-sheet-package.pdf,https://www.un.org/sustainabledevelopment/wp-content/uploads/2017/05/Ocean-fact-sheet-package.pdf,TRUE
0859efbc-fb70-4eb9-8de7-48e7cbfce0d4https://www.iai.int/admin/site/sites/default/files/uploads/climate_change_disaster_risk_and_the_urban_poor.pdf,0859efbc-fb70-4eb9-8de7-48e7cbfce0d4,https://bfaglobal.com/insights/stories-of-climate-change-and-resilience/,Stories from End Users and Climate Resilience,7,Climate change disaster risk and the urban poor,https://www.iai.int/admin/site/sites/default/files/uploads/climate_change_disaster_risk_and_the_urban_poor.pdf,https://www.iai.int/admin/site/sites/default/files/uploads/Climate_change_disaster_risk_and_the_urban_poor.pdf,TRUE
130fbfdb-bef0-4ee3-8724-27dbdb60cd2fhttps://gca.org/wp-content/uploads/2019/09/globalcommission_report_final.pdf,130fbfdb-bef0-4ee3-8724-27dbdb60cd2f,https://gca.org/reports/adapt-now-a-global-call-for-leadership-on-climate-resilience/,Adapt Now: A Global Call for Leadership on Climate Resilience,1,Globalcommission report final,https://gca.org/wp-content/uploads/2019/09/globalcommission_report_final.pdf,https://gca.org/wp-content/uploads/2019/09/GlobalCommission_Report_FINAL.pdf,TRUE
130fbfdb-bef0-4ee3-8724-27dbdb60cd2fhttps://gca.org/wp-content/uploads/2019/09/globalcommission_report_final.pdf,130fbfdb-bef0-4ee3-8724-27dbdb60cd2f,https://gca.org/reports/adapt-now-a-global-call-for-leadership-on-climate-resilience/,Adapt Now: A Global Call for Leadership on Climate Resilience,2,Globalcommission report final,https://gca.org/wp-content/uploads/2019/09/globalcommission_report_final.pdf,https://gca.org/wp-content/uploads/2019/09/GlobalCommission_Report_FINAL.pdf,TRUE
1e2d7295-eedb-40a7-a402-80bce60a8f1ehttps://www.cif.org/sites/cif_enc/files/knowledge-documents/gender_wolcot_brief.pdf,1e2d7295-eedb-40a7-a402-80bce60a8f1e,https://blogs.worldbank.org/climatechange/gender-smart-climate-finance-critical-progress-results-and-impact,"Gender-smart climate finance is critical for progress, results, and impact ",1,Gender wolcot brief,https://www.cif.org/sites/cif_enc/files/knowledge-documents/gender_wolcot_brief.pdf,https://www.cif.org/sites/cif_enc/files/knowledge-documents/Gender_WOLCOT_brief.pdf,TRUE
288cf5ed-a3fa-483d-bbbe-e89162cb3ee8http://www.undp.org/sites/g/files/zskgke326/files/publications/mainstreaming gender in mitigation fnl2.pdf,288cf5ed-a3fa-483d-bbbe-e89162cb3ee8,https://www.undp.org/publications/mainstreaming-gender-mitigation-and-technology,Mainstreaming Gender in Mitigation and Technology,1,Mainstreaming gender in mitigation fnl2,http://www.undp.org/sites/g/files/zskgke326/files/publications/mainstreaming gender in mitigation fnl2.pdf,http://www.undp.org/sites/g/files/zskgke326/files/publications/Mainstreaming Gender in Mitigation FNL2.pdf,TRUE
288cf5ed-a3fa-483d-bbbe-e89162cb3ee8http://www.undp.org/sites/g/files/zskgke326/files/publications/mainstreaming gender in mitigation fnl2.pdf,288cf5ed-a3fa-483d-bbbe-e89162cb3ee8,https://www.undp.org/publications/mainstreaming-gender-mitigation-and-technology,Mainstreaming Gender in Mitigation and Technology,2,Mainstreaming gender in mitigation fnl2,http://www.undp.org/sites/g/files/zskgke326/files/publications/mainstreaming gender in mitigation fnl2.pdf,http://www.undp.org/sites/g/files/zskgke326/files/publications/Mainstreaming Gender in Mitigation FNL2.pdf,TRUE
36cf8080-7952-4d48-8483-3ff8ac6d3361https://www.findevgateway.org/sites/default/files/users/user341/findev%20webinar%20-%20building%20climate%20resilience%20-%20what%20can%20fsps%20do.pdf,36cf8080-7952-4d48-8483-3ff8ac6d3361,https://www.findevgateway.org/findev-webinar/building-climate-resilience-what-can-fsps-do,"Building Climate Resilience, What Can FSPs Do?",1,Findev%20webinar%20-%20building%20climate%20resilience%20-%20what%20can%20fsps%20do,https://www.findevgateway.org/sites/default/files/users/user341/findev%20webinar%20-%20building%20climate%20resilience%20-%20what%20can%20fsps%20do.pdf,https://www.findevgateway.org/sites/default/files/users/user341/FinDev%20Webinar%20-%20Building%20Climate%20Resilience%20-%20What%20can%20FSPs%20do.pdf,TRUE
36cf8080-7952-4d48-8483-3ff8ac6d3361https://www.findevgateway.org/sites/default/files/users/user341/findev%20webinar%20-%20building%20climate%20resilience%20-%20what%20can%20fsps%20do.pdf,36cf8080-7952-4d48-8483-3ff8ac6d3361,https://www.findevgateway.org/findev-webinar/building-climate-resilience-what-can-fsps-do,"Building Climate Resilience, What Can FSPs Do?",2,Findev%20webinar%20-%20building%20climate%20resilience%20-%20what%20can%20fsps%20do,https://www.findevgateway.org/sites/default/files/users/user341/findev%20webinar%20-%20building%20climate%20resilience%20-%20what%20can%20fsps%20do.pdf,https://www.findevgateway.org/sites/default/files/users/user341/FinDev%20Webinar%20-%20Building%20Climate%20Resilience%20-%20What%20can%20FSPs%20do.pdf,TRUE
38f3a7f5-089e-41db-95c2-1304fa255b12/s/climategender_financialproducts.pdf,38f3a7f5-089e-41db-95c2-1304fa255b12,https://www.2xglobal.org/climate-toolkit-home,Gender and Climate Finance Toolkit,1,Climategender financialproducts,/s/climategender_financialproducts.pdf,https://www.2xglobal.org/s/ClimateGender_FinancialProducts.pdf,FALSE
38f3a7f5-089e-41db-95c2-1304fa255b12/s/2x_climatetaskforce_greenjobs_v8.pdf,38f3a7f5-089e-41db-95c2-1304fa255b12,https://www.2xglobal.org/climate-toolkit-home,Gender and Climate Finance Toolkit,2,2x climatetaskforce greenjobs v8,/s/2x_climatetaskforce_greenjobs_v8.pdf,https://www.2xglobal.org/s/2X_ClimateTaskforce_GreenJobs_v8.pdf,FALSE
38f3a7f5-089e-41db-95c2-1304fa255b12/s/2x_climatetaskforce_climatechangemitigation_v6.pdf,38f3a7f5-089e-41db-95c2-1304fa255b12,https://www.2xglobal.org/climate-toolkit-home,Gender and Climate Finance Toolkit,3,2x climatetaskforce climatechangemitigation v6,/s/2x_climatetaskforce_climatechangemitigation_v6.pdf,https://www.2xglobal.org/s/2X_ClimateTaskforce_ClimateChangeMitigation_v6.pdf,FALSE
38f3a7f5-089e-41db-95c2-1304fa255b12/s/2x_climatetaskforce_adaptation_v8.pdf,38f3a7f5-089e-41db-95c2-1304fa255b12,https://www.2xglobal.org/climate-toolkit-home,Gender and Climate Finance Toolkit,4,2x climatetaskforce adaptation v8,/s/2x_climatetaskforce_adaptation_v8.pdf,https://www.2xglobal.org/s/2X_ClimateTaskforce_Adaptation_v8.pdf,FALSE
38f3a7f5-089e-41db-95c2-1304fa255b12/s/2x_climatetaskforce_biodiversity_v8.pdf,38f3a7f5-089e-41db-95c2-1304fa255b12,https://www.2xglobal.org/climate-toolkit-home,Gender and Climate Finance Toolkit,5,2x climatetaskforce biodiversity v8,/s/2x_climatetaskforce_biodiversity_v8.pdf,https://www.2xglobal.org/s/2X_ClimateTaskforce_Biodiversity_v8.pdf,FALSE
49841b2c-6e25-4ad6-ab89-21c4e0d736bahttps://www.iucn.org/sites/default/files/2022-06/regnererative_agriculture_in_africa_report_2021_compressed.pdf,49841b2c-6e25-4ad6-ab89-21c4e0d736ba,https://www.iucn.org/sites/default/files/2022-06/regnererative_agriculture_in_africa_report_2021_compressed.pdf,Regenerative Agriculture: An opportunity for businesses and society to restore degraded land in Africa,1,Regnererative agriculture in africa report 2021 compressed,https://www.iucn.org/sites/default/files/2022-06/regnererative_agriculture_in_africa_report_2021_compressed.pdf,https://www.iucn.org/sites/default/files/2022-06/regnererative_agriculture_in_africa_report_2021_compressed.pdf,TRUE
60ab0982-1951-473a-aa1a-eb0ac0ac2af0https://www.convergences.org/wp-content/uploads/2019/09/microfinance-barometer-2019_web-1.pdf,60ab0982-1951-473a-aa1a-eb0ac0ac2af0,https://bfaglobal.com/insights/learning-from-our-past-successful-ecosystem-evolutions-follow-a-common-path/,Learning from Our Past,1,Microfinance-barometer-2019 web-1,https://www.convergences.org/wp-content/uploads/2019/09/microfinance-barometer-2019_web-1.pdf,https://www.convergences.org/wp-content/uploads/2019/09/Microfinance-Barometer-2019_web-1.pdf,TRUE
7427f7cd-eeab-45ab-a9cf-2bc7798f3d2ahttps://theinvestoragenda.org/wp-content/uploads/2022/03/ICAPs-Guide-to-CDP-Reporting.pdf,7427f7cd-eeab-45ab-a9cf-2bc7798f3d2a,https://theinvestoragenda.org/wp-content/uploads/2022/03/ICAPs-Guide-to-CDP-Reporting.pdf,Investor Climate Action Plans,1,Icaps-guide-to-cdp-reporting,https://theinvestoragenda.org/wp-content/uploads/2022/03/ICAPs-Guide-to-CDP-Reporting.pdf,https://theinvestoragenda.org/wp-content/uploads/2022/03/ICAPs-Guide-to-CDP-Reporting.pdf,TRUE
77e5787b-56c0-4871-81e7-8a04a05cff58https://therallyingcry.org/wp-content/uploads/2022/11/210101_The-Rallying-Cry-Proof-of-Concept-Report.pdf,77e5787b-56c0-4871-81e7-8a04a05cff58,https://therallyingcry.org/wp-content/uploads/2022/11/210101_The-Rallying-Cry-Proof-of-Concept-Report.pdf,Women of Africa Leading Climate Responsiveness,1,210101 the-rallying-cry-proof-of-concept-report,https://therallyingcry.org/wp-content/uploads/2022/11/210101_The-Rallying-Cry-Proof-of-Concept-Report.pdf,https://therallyingcry.org/wp-content/uploads/2022/11/210101_The-Rallying-Cry-Proof-of-Concept-Report.pdf,TRUE
895b3ed4-8850-4517-8296-945331340d7ahttps://www.cgap.org/sites/default/files/publications/workingpaper_womensclimateresilience_v3.pdf,895b3ed4-8850-4517-8296-945331340d7a,https://www.cgap.org/research/publication/bolstering-womens-climate-resilience-and-adaptation-through-financial-services,Bolstering Women’s Climate Resilience and Adaptation through Financial Services,1,Workingpaper womensclimateresilience v3,https://www.cgap.org/sites/default/files/publications/workingpaper_womensclimateresilience_v3.pdf,https://www.cgap.org/sites/default/files/publications/WorkingPaper_WomensClimateResilience_v3.pdf,TRUE
8a5a006b-ac83-45cb-a0d7-e0555348aa03https://c7f1c266-da8e-48a8-9c8f-aaed0b192849.usrfiles.com/ugd/eb4e7e_4c776416bafe4365a2e5d8d8c01fd827.pdf,8a5a006b-ac83-45cb-a0d7-e0555348aa03,https://www.cifaralliance.org/news/new-climate-resilient-agriculture-(crag)-white-paper,Climate Resilient Agriculture (CRAg) white paper,1,Eb4e7e 4c776416bafe4365a2e5d8d8c01fd827,https://c7f1c266-da8e-48a8-9c8f-aaed0b192849.usrfiles.com/ugd/eb4e7e_4c776416bafe4365a2e5d8d8c01fd827.pdf,https://c7f1c266-da8e-48a8-9c8f-aaed0b192849.usrfiles.com/ugd/eb4e7e_4c776416bafe4365a2e5d8d8c01fd827.pdf,TRUE
8a5a006b-ac83-45cb-a0d7-e0555348aa03https://c7f1c266-da8e-48a8-9c8f-aaed0b192849.usrfiles.com/ugd/eb4e7e_4c776416bafe4365a2e5d8d8c01fd827.pdf,8a5a006b-ac83-45cb-a0d7-e0555348aa03,https://www.cifaralliance.org/news/new-climate-resilient-agriculture-(crag)-white-paper,Climate Resilient Agriculture (CRAg) white paper,2,Eb4e7e 4c776416bafe4365a2e5d8d8c01fd827,https://c7f1c266-da8e-48a8-9c8f-aaed0b192849.usrfiles.com/ugd/eb4e7e_4c776416bafe4365a2e5d8d8c01fd827.pdf,https://c7f1c266-da8e-48a8-9c8f-aaed0b192849.usrfiles.com/ugd/eb4e7e_4c776416bafe4365a2e5d8d8c01fd827.pdf,TRUE
91f5e5b9-27a8-4a27-a243-3589ede54921https://www.afdb.org/sites/default/files/2021/10/19/africa_adaptation_acceleration_program.pdf,91f5e5b9-27a8-4a27-a243-3589ede54921,https://www.afdb.org/sites/default/files/2021/10/19/africa_adaptation_acceleration_program.pdf,Africa Adaptation Acceleration Program,1,Africa adaptation acceleration program,https://www.afdb.org/sites/default/files/2021/10/19/africa_adaptation_acceleration_program.pdf,https://www.afdb.org/sites/default/files/2021/10/19/africa_adaptation_acceleration_program.pdf,TRUE
99b5e745-71e2-4444-84e0-9de61545fa32https://www.brookings.edu/wp-content/uploads/2022/01/foresightafrica2022_fullreport.pdf,99b5e745-71e2-4444-84e0-9de61545fa32,https://www.brookings.edu/wp-content/uploads/2022/01/foresightafrica2022_fullreport.pdf,Foresight Africa: Top Priorities for the Continent in 2022,1,Foresightafrica2022 fullreport,https://www.brookings.edu/wp-content/uploads/2022/01/foresightafrica2022_fullreport.pdf,https://www.brookings.edu/wp-content/uploads/2022/01/foresightafrica2022_fullreport.pdf,TRUE
9aee561e-3700-4c3a-947a-3c7f4b5235a5/sites/default/files/2022-11/usaid-climate-strategy-2022-2030.pdf,9aee561e-3700-4c3a-947a-3c7f4b5235a5,https://www.usaid.gov/climate/strategy,USAID Climate Strategy 2022-2030,1,Usaid-climate-strategy-2022-2030,/sites/default/files/2022-11/usaid-climate-strategy-2022-2030.pdf,https://www.usaid.gov/sites/default/files/2022-11/USAID-Climate-Strategy-2022-2030.pdf,FALSE
9aee561e-3700-4c3a-947a-3c7f4b5235a5/sites/default/files/2022-11/usaid-climate-strategy-2022-2030.pdf,9aee561e-3700-4c3a-947a-3c7f4b5235a5,https://www.usaid.gov/climate/strategy,USAID Climate Strategy 2022-2030,2,Usaid-climate-strategy-2022-2030,/sites/default/files/2022-11/usaid-climate-strategy-2022-2030.pdf,https://www.usaid.gov/sites/default/files/2022-11/USAID-Climate-Strategy-2022-2030.pdf,FALSE
9aee561e-3700-4c3a-947a-3c7f4b5235a5/sites/default/files/2022-11/usaid-climate-strategy-2022-2030-arabic.pdf,9aee561e-3700-4c3a-947a-3c7f4b5235a5,https://www.usaid.gov/climate/strategy,USAID Climate Strategy 2022-2030,3,Usaid-climate-strategy-2022-2030-arabic,/sites/default/files/2022-11/usaid-climate-strategy-2022-2030-arabic.pdf,https://www.usaid.gov/sites/default/files/2022-11/USAID-Climate-Strategy-2022-2030-Arabic.pdf,FALSE
9aee561e-3700-4c3a-947a-3c7f4b5235a5/sites/default/files/2022-11/usaid-climate-strategy-2022-2030-spanish.pdf,9aee561e-3700-4c3a-947a-3c7f4b5235a5,https://www.usaid.gov/climate/strategy,USAID Climate Strategy 2022-2030,4,Usaid-climate-strategy-2022-2030-spanish,/sites/default/files/2022-11/usaid-climate-strategy-2022-2030-spanish.pdf,https://www.usaid.gov/sites/default/files/2022-11/USAID-Climate-Strategy-2022-2030-Spanish.pdf,FALSE
9aee561e-3700-4c3a-947a-3c7f4b5235a5/sites/default/files/2022-11/usaid-climate-strategy-2022-2030-french.pdf,9aee561e-3700-4c3a-947a-3c7f4b5235a5,https://www.usaid.gov/climate/strategy,USAID Climate Strategy 2022-2030,5,Usaid-climate-strategy-2022-2030-french,/sites/default/files/2022-11/usaid-climate-strategy-2022-2030-french.pdf,https://www.usaid.gov/sites/default/files/2022-11/USAID-Climate-Strategy-2022-2030-French.pdf,FALSE
9aee561e-3700-4c3a-947a-3c7f4b5235a5/sites/default/files/2023-02/usaid-climate-strategy-br-portuguese.pdf,9aee561e-3700-4c3a-947a-3c7f4b5235a5,https://www.usaid.gov/climate/strategy,USAID Climate Strategy 2022-2030,6,Usaid-climate-strategy-br-portuguese,/sites/default/files/2023-02/usaid-climate-strategy-br-portuguese.pdf,https://www.usaid.gov/sites/default/files/2023-02/USAID-Climate-Strategy-BR-Portuguese.pdf,FALSE
9aee561e-3700-4c3a-947a-3c7f4b5235a5/sites/default/files/2023-02/usaid-climate-strategy-br-portuguese.pdf,9aee561e-3700-4c3a-947a-3c7f4b5235a5,https://www.usaid.gov/climate/strategy,USAID Climate Strategy 2022-2030,7,Usaid-climate-strategy-br-portuguese,/sites/default/files/2023-02/usaid-climate-strategy-br-portuguese.pdf,https://www.usaid.gov/sites/default/files/2023-02/USAID-Climate-Strategy-BR-Portuguese.pdf,FALSE
9ce99214-591f-4042-a5ac-0c195cb5ca0dhttps://www.cgap.org/sites/default/files/publications/slidedeck/resilient%20rural%20women_applying%20personas%20and%20insights%20for%20climate-smart%20innovation_23%20may.pdf,9ce99214-591f-4042-a5ac-0c195cb5ca0d,https://www.cgap.org/research/reading-deck/resilient-rural-women-applying-personas-and-insights-for-climate-smart,Resilient Rural Women: Applying Personas and Insights for Climate-Smart Innovation,1,Resilient%20rural%20women applying%20personas%20and%20insights%20for%20climate-smart%20innovation 23%20may,https://www.cgap.org/sites/default/files/publications/slidedeck/resilient%20rural%20women_applying%20personas%20and%20insights%20for%20climate-smart%20innovation_23%20may.pdf,https://www.cgap.org/sites/default/files/publications/slidedeck/Resilient%20rural%20women_Applying%20personas%20and%20insights%20for%20climate-smart%20innovation_23%20May.pdf,TRUE
9ce99214-591f-4042-a5ac-0c195cb5ca0d//www.cgap.org/sites/default/files/publications/slidedeck/resilient%20rural%20women_applying%20personas%20and%20insights%20for%20climate-smart%20innovation_23%20may.pdf,9ce99214-591f-4042-a5ac-0c195cb5ca0d,https://www.cgap.org/research/reading-deck/resilient-rural-women-applying-personas-and-insights-for-climate-smart,Resilient Rural Women: Applying Personas and Insights for Climate-Smart Innovation,2,Resilient%20rural%20women applying%20personas%20and%20insights%20for%20climate-smart%20innovation 23%20may,//www.cgap.org/sites/default/files/publications/slidedeck/resilient%20rural%20women_applying%20personas%20and%20insights%20for%20climate-smart%20innovation_23%20may.pdf,//www.cgap.org/sites/default/files/publications/slidedeck/Resilient%20rural%20women_Applying%20personas%20and%20insights%20for%20climate-smart%20innovation_23%20May.pdf,TRUE
9d4c968f-3d95-4f72-a49e-15ad962c172bhttps://gca.org/wp-content/uploads/2021/10/GCA_State-and-Trends-in-Adaptation-2021-Africa_full-report_low-res.pdf,9d4c968f-3d95-4f72-a49e-15ad962c172b,https://gca.org/wp-content/uploads/2021/10/GCA_State-and-Trends-in-Adaptation-2021-Africa_full-report_low-res.pdf,State and Trends in Adaptation Report 2021,1,Gca state-and-trends-in-adaptation-2021-africa full-report low-res,https://gca.org/wp-content/uploads/2021/10/GCA_State-and-Trends-in-Adaptation-2021-Africa_full-report_low-res.pdf,https://gca.org/wp-content/uploads/2021/10/GCA_State-and-Trends-in-Adaptation-2021-Africa_full-report_low-res.pdf,TRUE
a8897182-9472-460c-b4e6-badbeafece80https://www.undp.org/sites/g/files/zskgke326/files/publications/UNDP%20Gender%20and%20Climate%20Finance%20Policy%20Brief%205-WEB.pdf,a8897182-9472-460c-b4e6-badbeafece80,https://www.undp.org/sites/g/files/zskgke326/files/publications/UNDP%20Gender%20and%20Climate%20Finance%20Policy%20Brief%205-WEB.pdf,Gender and Climate Finance Policy Brief,1,Undp%20gender%20and%20climate%20finance%20policy%20brief%205-web,https://www.undp.org/sites/g/files/zskgke326/files/publications/UNDP%20Gender%20and%20Climate%20Finance%20Policy%20Brief%205-WEB.pdf,https://www.undp.org/sites/g/files/zskgke326/files/publications/UNDP%20Gender%20and%20Climate%20Finance%20Policy%20Brief%205-WEB.pdf,TRUE
a959a78b-3034-4202-a6c7-3c48373b7604https://oxfamilibrary.openrepository.com/bitstream/handle/10546/621052/mb-confronting-carbon-inequality-210920-en.pdf,a959a78b-3034-4202-a6c7-3c48373b7604,https://www.cgap.org/blog/era-urgent-climate-risk-does-financial-inclusion-matter,"In an Era of Urgent Climate Risk, Does Financial Inclusion Matter?",1,Mb-confronting-carbon-inequality-210920-en,https://oxfamilibrary.openrepository.com/bitstream/handle/10546/621052/mb-confronting-carbon-inequality-210920-en.pdf,https://oxfamilibrary.openrepository.com/bitstream/handle/10546/621052/mb-confronting-carbon-inequality-210920-en.pdf,TRUE
a959a78b-3034-4202-a6c7-3c48373b7604https://www.ipcc.ch/report/ar6/wg2/downloads/report/ipcc_ar6_wgii_finaldraft_fullreport.pdf,a959a78b-3034-4202-a6c7-3c48373b7604,https://www.cgap.org/blog/era-urgent-climate-risk-does-financial-inclusion-matter,"In an Era of Urgent Climate Risk, Does Financial Inclusion Matter?",2,Ipcc ar6 wgii finaldraft fullreport,https://www.ipcc.ch/report/ar6/wg2/downloads/report/ipcc_ar6_wgii_finaldraft_fullreport.pdf,https://www.ipcc.ch/report/ar6/wg2/downloads/report/IPCC_AR6_WGII_FinalDraft_FullReport.pdf,TRUE
a959a78b-3034-4202-a6c7-3c48373b7604https://www.gsma.com/mobilefordevelopment/wp-content/uploads/2020/05/agricultural_insurance_for_smallholder_farmers_digital_innovations_for_scale.pdf,a959a78b-3034-4202-a6c7-3c48373b7604,https://www.cgap.org/blog/era-urgent-climate-risk-does-financial-inclusion-matter,"In an Era of Urgent Climate Risk, Does Financial Inclusion Matter?",3,Agricultural insurance for smallholder farmers digital innovations for scale,https://www.gsma.com/mobilefordevelopment/wp-content/uploads/2020/05/agricultural_insurance_for_smallholder_farmers_digital_innovations_for_scale.pdf,https://www.gsma.com/mobilefordevelopment/wp-content/uploads/2020/05/Agricultural_Insurance_for_Smallholder_Farmers_Digital_Innovations_for_Scale.pdf,TRUE
b553c6b0-f393-4f39-b894-4f6eb3dd0f7dhttps://www.cifor.org/publications/pdf_files/articles/adjoudi1101.pdf,b553c6b0-f393-4f39-b894-4f6eb3dd0f7d,https://www.cifor.org/knowledge/publication/3524/,Is Adaptation to Climate Change Gender Neutral? Lessons from Communities Dependent on Livestock and Forests in Northern Mali,1,Adjoudi1101,https://www.cifor.org/publications/pdf_files/articles/adjoudi1101.pdf,https://www.cifor.org/publications/pdf_files/articles/ADjoudi1101.pdf,TRUE
b7df0ff5-7faa-41ca-9a33-0c0a3c480174https://www.cbd.int/gbo/gbo4/outlook-africa-en.pdf,b7df0ff5-7faa-41ca-9a33-0c0a3c480174,https://www.theguardian.com/environment/2022/jul/17/africa-nature-conservation-apac-kigali-summit-aoe?CMP=Share_iOSApp_Other,Kigali summit to outline a strategy for nature conservation in Africa,1,Outlook-africa-en,https://www.cbd.int/gbo/gbo4/outlook-africa-en.pdf,https://www.cbd.int/gbo/gbo4/outlook-africa-en.pdf,TRUE
b7df0ff5-7faa-41ca-9a33-0c0a3c480174https://www.cbd.int/doc/c/30bf/061a/b5a1fa9e4d43dac14cae44ce/post2020-ws-2019-01-presentation-iplc-en.pdf,b7df0ff5-7faa-41ca-9a33-0c0a3c480174,https://www.theguardian.com/environment/2022/jul/17/africa-nature-conservation-apac-kigali-summit-aoe?CMP=Share_iOSApp_Other,Kigali summit to outline a strategy for nature conservation in Africa,2,Post2020-ws-2019-01-presentation-iplc-en,https://www.cbd.int/doc/c/30bf/061a/b5a1fa9e4d43dac14cae44ce/post2020-ws-2019-01-presentation-iplc-en.pdf,https://www.cbd.int/doc/c/30bf/061a/b5a1fa9e4d43dac14cae44ce/post2020-ws-2019-01-presentation-iplc-en.pdf,TRUE
c446ac31-e08a-4b9a-9647-60a6a316eb4chttps://www.cdc.gov/climateandhealth/pubs/extreme-heat-guidebook.pdf,c446ac31-e08a-4b9a-9647-60a6a316eb4c,https://www.atlanticcouncil.org/content-series/the-big-story/heat-is-killing-us-and-the-economy-too/,Heat is killing us and the economy too,1,Extreme-heat-guidebook,https://www.cdc.gov/climateandhealth/pubs/extreme-heat-guidebook.pdf,https://www.cdc.gov/climateandhealth/pubs/extreme-heat-guidebook.pdf,TRUE
c4609a2d-6686-4dfe-8600-8c41ce68c03bhttps://therallyingcry.org/wp-content/uploads/2022/11/The-Rallying-Cry-Thought-Leadership-Report-Nov-2022.pdf,c4609a2d-6686-4dfe-8600-8c41ce68c03b,https://therallyingcry.org/wp-content/uploads/2022/11/The-Rallying-Cry-Thought-Leadership-Report-Nov-2022.pdf,Accelerate transformation: Invest in African Women Leading Climate Action,1,The-rallying-cry-thought-leadership-report-nov-2022,https://therallyingcry.org/wp-content/uploads/2022/11/The-Rallying-Cry-Thought-Leadership-Report-Nov-2022.pdf,https://therallyingcry.org/wp-content/uploads/2022/11/The-Rallying-Cry-Thought-Leadership-Report-Nov-2022.pdf,TRUE
d3cd73e3-661a-4e6b-ad1f-f431b015311bhttps://ec.europa.eu/clima/sites/clima/files/ets/docs/clean_dev_mechanism_en.pdf,d3cd73e3-661a-4e6b-ad1f-f431b015311b,https://features.propublica.org/brazil-carbon-offsets/inconvenient-truth-carbon-credits-dont-work-deforestation-redd-acre-cambodia/,Why Carbon Credits For Forest Preservation May Be Worse Than Nothing,1,Clean dev mechanism en,https://ec.europa.eu/clima/sites/clima/files/ets/docs/clean_dev_mechanism_en.pdf,https://ec.europa.eu/clima/sites/clima/files/ets/docs/clean_dev_mechanism_en.pdf,TRUE
d3cd73e3-661a-4e6b-ad1f-f431b015311bhttps://mediamanager.sei.org/documents/publications/climate/sei-wp-2015-07-ji-lessons-for-carbon-mechs.pdf,d3cd73e3-661a-4e6b-ad1f-f431b015311b,https://features.propublica.org/brazil-carbon-offsets/inconvenient-truth-carbon-credits-dont-work-deforestation-redd-acre-cambodia/,Why Carbon Credits For Forest Preservation May Be Worse Than Nothing,2,Sei-wp-2015-07-ji-lessons-for-carbon-mechs,https://mediamanager.sei.org/documents/publications/climate/sei-wp-2015-07-ji-lessons-for-carbon-mechs.pdf,https://mediamanager.sei.org/documents/Publications/Climate/SEI-WP-2015-07-JI-lessons-for-carbon-mechs.pdf,TRUE
d3cd73e3-661a-4e6b-ad1f-f431b015311bhttp://www.chaireeconomieduclimat.org/wp-content/uploads/2016/02/16-02-05_id32_simonet.pdf,d3cd73e3-661a-4e6b-ad1f-f431b015311b,https://features.propublica.org/brazil-carbon-offsets/inconvenient-truth-carbon-credits-dont-work-deforestation-redd-acre-cambodia/,Why Carbon Credits For Forest Preservation May Be Worse Than Nothing,3,16-02-05 id32 simonet,http://www.chaireeconomieduclimat.org/wp-content/uploads/2016/02/16-02-05_id32_simonet.pdf,http://www.chaireeconomieduclimat.org/wp-content/uploads/2016/02/16-02-05_ID32_Simonet.pdf,TRUE
d3cd73e3-661a-4e6b-ad1f-f431b015311bhttps://www.riksrevisjonen.no/globalassets/reports/en-2017-2018/norwayinternationalclimateandforestinitiative.pdf,d3cd73e3-661a-4e6b-ad1f-f431b015311b,https://features.propublica.org/brazil-carbon-offsets/inconvenient-truth-carbon-credits-dont-work-deforestation-redd-acre-cambodia/,Why Carbon Credits For Forest Preservation May Be Worse Than Nothing,4,Norwayinternationalclimateandforestinitiative,https://www.riksrevisjonen.no/globalassets/reports/en-2017-2018/norwayinternationalclimateandforestinitiative.pdf,https://www.riksrevisjonen.no/globalassets/reports/en-2017-2018/norwayinternationalclimateandforestinitiative.pdf,TRUE
d3cd73e3-661a-4e6b-ad1f-f431b015311bhttps://www.cifor.org/publications/pdf_files/books/bangelsen1801.pdf,d3cd73e3-661a-4e6b-ad1f-f431b015311b,https://features.propublica.org/brazil-carbon-offsets/inconvenient-truth-carbon-credits-dont-work-deforestation-redd-acre-cambodia/,Why Carbon Credits For Forest Preservation May Be Worse Than Nothing,5,Bangelsen1801,https://www.cifor.org/publications/pdf_files/books/bangelsen1801.pdf,https://www.cifor.org/publications/pdf_files/Books/BAngelsen1801.pdf,TRUE
d3cd73e3-661a-4e6b-ad1f-f431b015311bhttps://unfccc.int/resource/docs/natc/branc3v3.pdf,d3cd73e3-661a-4e6b-ad1f-f431b015311b,https://features.propublica.org/brazil-carbon-offsets/inconvenient-truth-carbon-credits-dont-work-deforestation-redd-acre-cambodia/,Why Carbon Credits For Forest Preservation May Be Worse Than Nothing,6,Branc3v3,https://unfccc.int/resource/docs/natc/branc3v3.pdf,https://unfccc.int/resource/docs/natc/branc3v3.pdf,TRUE
d3cd73e3-661a-4e6b-ad1f-f431b015311bhttps://www.cifor.org/publications/pdf_files/books/bangelsen1801.pdf,d3cd73e3-661a-4e6b-ad1f-f431b015311b,https://features.propublica.org/brazil-carbon-offsets/inconvenient-truth-carbon-credits-dont-work-deforestation-redd-acre-cambodia/,Why Carbon Credits For Forest Preservation May Be Worse Than Nothing,7,Bangelsen1801,https://www.cifor.org/publications/pdf_files/books/bangelsen1801.pdf,https://www.cifor.org/publications/pdf_files/Books/BAngelsen1801.pdf,TRUE
d3cd73e3-661a-4e6b-ad1f-f431b015311bhttps://www.cifor.org/publications/pdf_files/books/bangelsen1801.pdf,d3cd73e3-661a-4e6b-ad1f-f431b015311b,https://features.propublica.org/brazil-carbon-offsets/inconvenient-truth-carbon-credits-dont-work-deforestation-redd-acre-cambodia/,Why Carbon Credits For Forest Preservation May Be Worse Than Nothing,8,Bangelsen1801,https://www.cifor.org/publications/pdf_files/books/bangelsen1801.pdf,https://www.cifor.org/publications/pdf_files/Books/BAngelsen1801.pdf,TRUE
d3cd73e3-661a-4e6b-ad1f-f431b015311bhttps://www.politico.eu/wp-content/uploads/2019/04/open-letter-on-the-tropical-forest-standard-eu-parliament.pdf,d3cd73e3-661a-4e6b-ad1f-f431b015311b,https://features.propublica.org/brazil-carbon-offsets/inconvenient-truth-carbon-credits-dont-work-deforestation-redd-acre-cambodia/,Why Carbon Credits For Forest Preservation May Be Worse Than Nothing,9,Open-letter-on-the-tropical-forest-standard-eu-parliament,https://www.politico.eu/wp-content/uploads/2019/04/open-letter-on-the-tropical-forest-standard-eu-parliament.pdf,https://www.politico.eu/wp-content/uploads/2019/04/Open-letter-on-the-Tropical-Forest-Standard-EU-Parliament.pdf,TRUE
d7ddff2f-5f13-469e-959a-62e990bf4832https://merid.org/wp-content/uploads/2022/06/High-Quality-Blue-Carbon-Draft-Principles-Guidance.pdf,d7ddff2f-5f13-469e-959a-62e990bf4832,https://merid.org/wp-content/uploads/2022/06/High-Quality-Blue-Carbon-Draft-Principles-Guidance.pdf,High Quality Blue Carbon Principles and Guidance,1,High-quality-blue-carbon-draft-principles-guidance,https://merid.org/wp-content/uploads/2022/06/High-Quality-Blue-Carbon-Draft-Principles-Guidance.pdf,https://merid.org/wp-content/uploads/2022/06/High-Quality-Blue-Carbon-Draft-Principles-Guidance.pdf,TRUE
da7d5fb6-df9d-49a6-a010-7f279f3fefddhttps://climatechampions.unfccc.int/wp-content/uploads/2022/04/CC-report_Draft-4_updated-April-2022-1.pdf,da7d5fb6-df9d-49a6-a010-7f279f3fefdd,https://climatechampions.unfccc.int/wp-content/uploads/2022/04/CC-report_Draft-4_updated-April-2022-1.pdf,How Can Finance Help Address Our Dual Climate and Nature Crises?,1,Cc-report draft-4 updated-april-2022-1,https://climatechampions.unfccc.int/wp-content/uploads/2022/04/CC-report_Draft-4_updated-April-2022-1.pdf,https://climatechampions.unfccc.int/wp-content/uploads/2022/04/CC-report_Draft-4_updated-April-2022-1.pdf,TRUE
e459ebae-3425-4901-af1e-ff84b2b1b6cdhttps://therallyingcry.org/wp-content/uploads/2021/10/211101_The-Rallying-Cry-Call-to-Action_FINAL.pdf,e459ebae-3425-4901-af1e-ff84b2b1b6cd,https://therallyingcry.org/wp-content/uploads/2021/10/211101_The-Rallying-Cry-Call-to-Action_FINAL.pdf,Catalysing Investment to Scale Gender and Climate Solutions in Africa,1,211101 the-rallying-cry-call-to-action final,https://therallyingcry.org/wp-content/uploads/2021/10/211101_The-Rallying-Cry-Call-to-Action_FINAL.pdf,https://therallyingcry.org/wp-content/uploads/2021/10/211101_The-Rallying-Cry-Call-to-Action_FINAL.pdf,TRUE
e9589fde-0503-43f6-b9bc-77f47ed0e9a8https://www.cgap.org/sites/default/files/blog_documents/2020_12_background_deck_climate_transition_financial_services_updated.pdf,e9589fde-0503-43f6-b9bc-77f47ed0e9a8,https://www.cgap.org/blog/how-financial-services-can-help-poor-climate-transition,How Financial Services can Help the Poor in the Climate Transition,1,2020 12 background deck climate transition financial services updated,https://www.cgap.org/sites/default/files/blog_documents/2020_12_background_deck_climate_transition_financial_services_updated.pdf,https://www.cgap.org/sites/default/files/blog_documents/2020_12_Background_Deck_Climate_Transition_Financial_Services_updated.pdf,TRUE
e9589fde-0503-43f6-b9bc-77f47ed0e9a8https://collections.unu.edu/eserv/unu:5956/mcii_cri_for_the_poor_and_vulnerable_meta.pdf,e9589fde-0503-43f6-b9bc-77f47ed0e9a8,https://www.cgap.org/blog/how-financial-services-can-help-poor-climate-transition,How Financial Services can Help the Poor in the Climate Transition,2,Mcii cri for the poor and vulnerable meta,https://collections.unu.edu/eserv/unu:5956/mcii_cri_for_the_poor_and_vulnerable_meta.pdf,https://collections.unu.edu/eserv/UNU:5956/MCII_CRI_for_the_Poor_and_Vulnerable_meta.pdf,TRUE
e9589fde-0503-43f6-b9bc-77f47ed0e9a8https://assets.cdcgroup.com/wp-content/uploads/2019/10/29165356/how-innovation-in-off-grid-refrigeration-impacts-lives-in-kenya.pdf,e9589fde-0503-43f6-b9bc-77f47ed0e9a8,https://www.cgap.org/blog/how-financial-services-can-help-poor-climate-transition,How Financial Services can Help the Poor in the Climate Transition,3,How-innovation-in-off-grid-refrigeration-impacts-lives-in-kenya,https://assets.cdcgroup.com/wp-content/uploads/2019/10/29165356/how-innovation-in-off-grid-refrigeration-impacts-lives-in-kenya.pdf,https://assets.cdcgroup.com/wp-content/uploads/2019/10/29165356/How-innovation-in-off-grid-refrigeration-impacts-lives-in-Kenya.pdf,TRUE
e9589fde-0503-43f6-b9bc-77f47ed0e9a8https://www.infodev.org/infodev-files/green-industries.pdf,e9589fde-0503-43f6-b9bc-77f47ed0e9a8,https://www.cgap.org/blog/how-financial-services-can-help-poor-climate-transition,How Financial Services can Help the Poor in the Climate Transition,4,Green-industries,https://www.infodev.org/infodev-files/green-industries.pdf,https://www.infodev.org/infodev-files/green-industries.pdf,TRUE
e9589fde-0503-43f6-b9bc-77f47ed0e9a8https://www.cgap.org/sites/default/files/blog_documents/2020_12_background_deck_climate_transition_financial_services_updated.pdf,e9589fde-0503-43f6-b9bc-77f47ed0e9a8,https://www.cgap.org/blog/how-financial-services-can-help-poor-climate-transition,How Financial Services can Help the Poor in the Climate Transition,5,2020 12 background deck climate transition financial services updated,https://www.cgap.org/sites/default/files/blog_documents/2020_12_background_deck_climate_transition_financial_services_updated.pdf,https://www.cgap.org/sites/default/files/blog_documents/2020_12_Background_Deck_Climate_Transition_Financial_Services_updated.pdf,TRUE
ebda2af9-b802-4b65-9121-6e7f2d9d68e2https://unfccc.int/files/bodies/election_and_membership/application/pdf/decision_36_cp7.pdf,ebda2af9-b802-4b65-9121-6e7f2d9d68e2,https://www.iucn.org/blog/202206/climate-change-gender-action-plans-method-moving-commitment-action,Climate Change Gender Action Plans: A Method for Moving from Commitment to Action,1,Decision 36 cp7,https://unfccc.int/files/bodies/election_and_membership/application/pdf/decision_36_cp7.pdf,https://unfccc.int/files/bodies/election_and_membership/application/pdf/decision_36_cp7.pdf,TRUE
ebda2af9-b802-4b65-9121-6e7f2d9d68e2https://unfccc.int/sites/default/files/english_paris_agreement.pdf,ebda2af9-b802-4b65-9121-6e7f2d9d68e2,https://www.iucn.org/blog/202206/climate-change-gender-action-plans-method-moving-commitment-action,Climate Change Gender Action Plans: A Method for Moving from Commitment to Action,2,English paris agreement,https://unfccc.int/sites/default/files/english_paris_agreement.pdf,https://unfccc.int/sites/default/files/english_paris_agreement.pdf,TRUE
ebda2af9-b802-4b65-9121-6e7f2d9d68e2https://ndcpartnership.org/sites/default/files/gender_responsive_ndc_action_plans_practical_guide-march-2021.pdf,ebda2af9-b802-4b65-9121-6e7f2d9d68e2,https://www.iucn.org/blog/202206/climate-change-gender-action-plans-method-moving-commitment-action,Climate Change Gender Action Plans: A Method for Moving from Commitment to Action,3,Gender responsive ndc action plans practical guide-march-2021,https://ndcpartnership.org/sites/default/files/gender_responsive_ndc_action_plans_practical_guide-march-2021.pdf,https://ndcpartnership.org/sites/default/files/Gender_Responsive_NDC_Action_Plans_Practical_Guide-March-2021.pdf,TRUE
ed4758df-08dc-4a38-95ef-a5c7eb08b794https://www.iucn.org/sites/dev/files/iucn_issues_brief_post2020_oct21.pdf,ed4758df-08dc-4a38-95ef-a5c7eb08b794,https://je.mirror.xyz/S-dpms92hw6aiacUHoL3f_iAnLVDvbEUOXw7wpy7JaU,What is ReFi - Part I,1,Iucn issues brief post2020 oct21,https://www.iucn.org/sites/dev/files/iucn_issues_brief_post2020_oct21.pdf,https://www.iucn.org/sites/dev/files/iucn_issues_brief_post2020_oct21.pdf,TRUE
ed4758df-08dc-4a38-95ef-a5c7eb08b794https://assets.ctfassets.net/2d5q1td6cyxq/5mrjc9x5ltxffihiltt7qk/e7bcba47217b60423a01a357e036105e/bcei_white_paper.pdf,ed4758df-08dc-4a38-95ef-a5c7eb08b794,https://je.mirror.xyz/S-dpms92hw6aiacUHoL3f_iAnLVDvbEUOXw7wpy7JaU,What is ReFi - Part I,2,Bcei white paper,https://assets.ctfassets.net/2d5q1td6cyxq/5mrjc9x5ltxffihiltt7qk/e7bcba47217b60423a01a357e036105e/bcei_white_paper.pdf,https://assets.ctfassets.net/2d5q1td6cyxq/5mRjc9X5LTXFFihIlTt7QK/e7bcba47217b60423a01a357e036105e/BCEI_White_Paper.pdf,TRUE
ed4758df-08dc-4a38-95ef-a5c7eb08b794https://unfccc.int/sites/default/files/resource/digital%20mrv%20presentation%20gold%20standard%202018%2012%20cop.pdf,ed4758df-08dc-4a38-95ef-a5c7eb08b794,https://je.mirror.xyz/S-dpms92hw6aiacUHoL3f_iAnLVDvbEUOXw7wpy7JaU,What is ReFi - Part I,3,Digital%20mrv%20presentation%20gold%20standard%202018%2012%20cop,https://unfccc.int/sites/default/files/resource/digital%20mrv%20presentation%20gold%20standard%202018%2012%20cop.pdf,https://unfccc.int/sites/default/files/resource/Digital%20MRV%20Presentation%20Gold%20Standard%202018%2012%20COP.pdf,TRUE
fb3e130d-6ca5-4f44-a0e6-66367459c90fhttps://wwfint.awsassets.panda.org/downloads/wwf___beyond_carbon_credits_blueprint.pdf,fb3e130d-6ca5-4f44-a0e6-66367459c90f,https://wwfint.awsassets.panda.org/downloads/wwf___beyond_carbon_credits_blueprint.pdf,"Beyond Carbon Credits: A Blueprint For High-Quality Interventions That Work For People, Nature and Climate",1,Wwf   beyond carbon credits blueprint,https://wwfint.awsassets.panda.org/downloads/wwf___beyond_carbon_credits_blueprint.pdf,https://wwfint.awsassets.panda.org/downloads/wwf___beyond_carbon_credits_blueprint.pdf,TRUE
fe6d3010-bfed-4a3f-866c-5da77cbe18b4https://www.atlanticcouncil.org/wp-content/uploads/2021/10/deploying-distributed-renewable-energy-to-reduce-the-impacts-of-extreme-heat-on-the-urban-poor.pdf,fe6d3010-bfed-4a3f-866c-5da77cbe18b4,https://www.atlanticcouncil.org/in-depth-research-reports/issue-brief/deploying-distributed-renewable-energy-to-reduce-the-impacts-of-extreme-heat-on-the-urban-poor/,Deploying distributed renewable energy to reduce the impacts of extreme heat on the urban poor,1,Deploying-distributed-renewable-energy-to-reduce-the-impacts-of-extreme-heat-on-the-urban-poor,https://www.atlanticcouncil.org/wp-content/uploads/2021/10/deploying-distributed-renewable-energy-to-reduce-the-impacts-of-extreme-heat-on-the-urban-poor.pdf,https://www.atlanticcouncil.org/wp-content/uploads/2021/10/Deploying-Distributed-Renewable-Energy-to-Reduce-the-Impacts-of-Extreme-Heat-on-the-Urban-Poor.pdf,TRUE
004a281d-8964-4bce-aa76-0aaed72a6ef3,004a281d-8964-4bce-aa76-0aaed72a6ef3,https://www.cifaralliance.org/news/elevating-the-voices-of-affected-people-in-climate-adaptation,Elevating the voices of affected people in climate adaptation,,,,,
07c03114-500e-4492-87c1-8e33660e87e4,07c03114-500e-4492-87c1-8e33660e87e4,https://www.cakex.org/,Climate Adaptation Knowledge Exchange,,,,,
13a8a39c-b333-4ac2-ae17-b2d916684f1f,13a8a39c-b333-4ac2-ae17-b2d916684f1f,https://docs.google.com/presentation/d/1DhlazOz_KA1y_GdWLDUwu_qeFVX6xwd0bhKFMxdL0-M/edit#slide=id.gd9b7a29b90_0_145,Intro to DAOs & Collective Decision Making,,,,,
1718bc6e-d29d-4fcf-af22-bab130291049,1718bc6e-d29d-4fcf-af22-bab130291049,https://bfaglobal.com/insights/digital-finance-for-climate-resilience/,Catalyzing an Ecosystem,,,,,
1a0c6220-9ec9-4684-a62e-cb6bc70d3bf9,1a0c6220-9ec9-4684-a62e-cb6bc70d3bf9,https://www.climatepolicyinitiative.org/publication/global-landscape-of-climate-finance-2021/,CPI’s Global Landscape of Climate Finance,,,,,
1b7008a3-c5eb-43bf-ad89-ce291ef4c947,1b7008a3-c5eb-43bf-ad89-ce291ef4c947,https://www.ctvc.co/giving-carbon-credit-where-its-due/,Giving (Carbon) Credit where it’s Due,,,,,
1dffab31-6cac-4f29-b8c5-3b4da6da4fcb,1dffab31-6cac-4f29-b8c5-3b4da6da4fcb,https://www.cifaralliance.org/news/enabling-and-financing-locally-led-adaptation-,Enabling and financing locally-led adaptation,,,,,
1f71abd4-6d4d-409a-abd6-0d93264458f6,1f71abd4-6d4d-409a-abd6-0d93264458f6,https://www.cgap.org/blog/paygo-moves-beyond-solar-addressing-risks-can-ensure-impact-0?utm_source=hootsuite&utm_medium=&utm_term=&utm_content=&utm_campaign=,"As PAYGo Moves Beyond Solar, Addressing Risks Can Ensure Impact",,,,,
25cfad9f-3709-49f1-9b66-26bb23864bcc,25cfad9f-3709-49f1-9b66-26bb23864bcc,https://www.netzeroserviceproviders.com/our-commitment/,Net Zero Financial Service Providers Alliance,,,,,
2ac6d97d-1df6-4b50-8df9-bb0f1e6ed10d,2ac6d97d-1df6-4b50-8df9-bb0f1e6ed10d,https://agfundernews.com/agri-carbon-market-map-companies-helping-harness-benefits-regen-ag,Carbon Market Map: Meet the 75 companies helping to harness the benefits of regen ag,,,,,
2c145f23-8083-4080-b2d7-99d8046cd19b,2c145f23-8083-4080-b2d7-99d8046cd19b,https://www.mckinsey.com/business-functions/sustainability/our-insights/a-blueprint-for-scaling-voluntary-carbon-markets-to-meet-the-climate-challenge,Blueprint for Scaling Carbon Finance,,,,,
2c5e8c31-484c-4085-9cf7-af0529892748,2c5e8c31-484c-4085-9cf7-af0529892748,https://www.fao.org/family-farming/detail/en/c/1651212/,A Framework for Gender-Responsive Livestock Development,,,,,
2f0e8522-e380-4bd8-ac46-fbf27f59a997,2f0e8522-e380-4bd8-ac46-fbf27f59a997,https://www.southpole.com/publications/the-voluntary-carbon-market-eight-things-to-know-for-the-year-ahead,The Voluntary Carbon Market: 8 things to know for 2022,,,,,
30e62024-2ef9-42df-b249-0774232b2620,30e62024-2ef9-42df-b249-0774232b2620,https://www.bii.co.uk/en/news-insight/insight/articles/cdc-emerging-economies-climate-report-2021/?fl=true,CDC Emerging Economies Climate Report,,,,,
3610e547-b179-4a9c-9449-91411dd9aee9,3610e547-b179-4a9c-9449-91411dd9aee9,https://drive.google.com/file/d/1GNHuQ-heeGRbjPMNwr2KG1rbyGEKYpew/view?usp=sharing,Resilience Measurement Practical Guidance Series,,,,,
371e15a9-7f46-4025-a6c0-6ffb080c52e2,371e15a9-7f46-4025-a6c0-6ffb080c52e2,https://journals.sagepub.com/doi/full/10.1177/2158244018812620,The Influence of Gender Relations on Women's Involvement and Experience in Climate Change Adaptation Programs in Bangladesh,,,,,
43587f50-17ff-4509-800d-dfd1ee5310b8,43587f50-17ff-4509-800d-dfd1ee5310b8,https://techcrunch.com/2022/05/05/enduring-planet-fast-financing-climate-startups/,‘Climate entrepreneurs deserve fast capital’: Enduring Planet unwraps a new fintech platform,,,,,
46ef8d95-3940-49f0-bcd7-2610ea8beee5,46ef8d95-3940-49f0-bcd7-2610ea8beee5,https://drawdown.org/news/insights/project-drawdown-updates-world%E2%80%99s-leading-set-of-climate-solutions%E2%80%94adding-11-new,Project Drawdown adds 11 new Solutions,,,,,
4856348a-d65e-4b23-b792-8865721caf8f,4856348a-d65e-4b23-b792-8865721caf8f,https://phys.org/news/2022-02-oceans-carbon-trees-warmer-future.amp,"Oceans are better at storing carbon than trees. In a warmer future, ocean carbon sinks could help stabilize our planet",,,,,
4e5947ef-62fe-438e-96d3-6c4fcbfe0cd7,4e5947ef-62fe-438e-96d3-6c4fcbfe0cd7,https://bfaglobal.com/insights/building-a-digital-finance-for-climate-resilience-ecosystem-insights-from-industry-leaders/,Building an Ecosystem: Insights from Industry Leaders,,,,,
52f1be50-65a3-4c77-87b2-691e6aeede00,52f1be50-65a3-4c77-87b2-691e6aeede00,https://www.theguardian.com/environment/2022/jun/06/environmentalists-carbon-bomb-fossil-fuel-projects-coalition?CMP=Share_iOSApp_Other,Environmentalists join forces to fight ‘carbon bomb’ fossil fuel projects,,,,,
5e8232f2-7493-4ef5-9bb7-5e4323f01c26,5e8232f2-7493-4ef5-9bb7-5e4323f01c26,https://www.gsma.com/mobilefordevelopment/resources/the-role-of-digital-and-mobile-enabled-solutions-in-addressing-climate-change/?utm_source=staff&utm_medium=referral,The Role of Digital Solutions in Addressing Climate Change,,,,,
7976e5e5-4a82-4a13-8c24-d04b381a77c5,7976e5e5-4a82-4a13-8c24-d04b381a77c5,https://www.cifaralliance.org/news/new-report-from-the-investors-working-group,Fintech for Climate Resilience: A compendium of startup innovations building resilience in emerging markets,,,,,
7b81fe3a-f640-4d9e-99e0-054c010595b1,7b81fe3a-f640-4d9e-99e0-054c010595b1,https://www.cifaralliance.org/events/climate-change-%2B-gender%3A--intersectionality-and-innovation-,"Climate Change + Gender:
Intersectionality and Innovation",,,,,
7eee65c5-56c9-4ea8-88bd-e46d7d096a41,7eee65c5-56c9-4ea8-88bd-e46d7d096a41,https://www.cifaralliance.org/news/new-publication%3A-blockchain-for-climate-innovation,Blockchain for Climate Innovation,,,,,
7fae5537-c55e-4fc0-9bb0-dd5ee2837c5c,7fae5537-c55e-4fc0-9bb0-dd5ee2837c5c,https://docs.google.com/presentation/d/1OM1XG_mh8ohcZKpUKMWE2HQv0yOR9M95c28N5kv5pUA/edit#slide=id.p97,Catalyst Fund’s Roundtable for Investors,,,,,
8194da87-0531-4a49-a722-0259e5b38c4a,8194da87-0531-4a49-a722-0259e5b38c4a,https://www.wri.org/research/digital-climate-informed-advisory-services,A Blueprint for Digital Climate-Informed Advisory Services,,,,,
8783185a-5450-4bea-8bc3-9299f6b9c172,8783185a-5450-4bea-8bc3-9299f6b9c172,https://www.worldbank.org/en/publication/country-climate-development-reports,The World Bank Group’s Country Climate and Development Reports (CCDRs),,,,,
88e084ec-929d-4db0-ae5d-fa12b94de8b5,88e084ec-929d-4db0-ae5d-fa12b94de8b5,https://www.forbes.com/sites/arielcohen/2021/09/30/fintech-can-help-fill-climate-resilience-gaps-in-emerging-markets/?sh=5a22fedb61c8,Fintech can Help Fill Climate Resilience Gaps,,,,,
89a0fe8d-aae4-4834-9b50-00e67cd8075d,89a0fe8d-aae4-4834-9b50-00e67cd8075d,https://www.carbonbrief.org/eradicating-extreme-poverty-would-raise-global-emissions-by-less-than-1,Eradicating ‘extreme poverty would raise global emissions by less than 1% - Carbon Brief,,,,,
8bf40f79-3dea-499c-b962-b251f6e0d1b5,8bf40f79-3dea-499c-b962-b251f6e0d1b5,https://www.ted.com/talks/james_irungu_mwangi_africa_s_great_carbon_valley_and_how_to_end_energy_poverty,Africa's great carbon valley -- and how to end energy poverty,,,,,
90082bcb-30cb-4995-9cef-99955f217f33,90082bcb-30cb-4995-9cef-99955f217f33,https://www.economist.com/leaders/2022/07/20/todays-heatwaves-are-a-warning-of-worse-to-come,Today’s heatwaves are a warning of worse to come,,,,,
9036067b-e572-463c-8745-1592d49bd80a,9036067b-e572-463c-8745-1592d49bd80a,https://www.cifaralliance.org/news/-a-benchmark-analysis-of-frameworks-for-measuring-climate-resilience-and-adaptation,A benchmark analysis of frameworks for measuring climate resilience and adaptation,,,,,
925ddbf8-4da2-4865-807a-af5833744993,925ddbf8-4da2-4865-807a-af5833744993,https://dalberg.com/our-ideas/rural-women-and-climate-change-the-products-and-services-that-are-expanding-earning-potential-and-mitigating-risk/,Rural Women and Climate Change: The Products and Services that Are Expanding Earning Potential and Mitigating Risk,,,,,
94c01390-99ea-425b-8cb6-0aefd1510dfc,94c01390-99ea-425b-8cb6-0aefd1510dfc,https://www.cifaralliance.org/news/cifar-alliance-ecosystem-playbook,Nurturing Growth: Perspectives and Practices in Innovation Ecosystem Building,,,,,
98f08cb6-43f4-4def-8a2e-fd4d55559008,98f08cb6-43f4-4def-8a2e-fd4d55559008,https://e360.yale.edu/features/why-are-nature-based-solutions-on-climate-being-overlooked,Why Are Nature-Based Solutions on Climate Being Overlooked?,,,,,
a1f317e8-c21f-4ac5-8cf0-7c2e3b6c81c2,a1f317e8-c21f-4ac5-8cf0-7c2e3b6c81c2,https://www.imperial.ac.uk/news/238438/kenya-launches-2050-calculator-advance-climate/,Kenya launches 2050 Calculator to advance climate change mitigation,,,,,
a2da46c5-0ba5-44f0-8c31-625ea118f4c9,a2da46c5-0ba5-44f0-8c31-625ea118f4c9,https://theconversation.com/a-billion-of-the-worlds-most-climate-vulnerable-people-live-in-informal-settlements-heres-what-they-face-178116,A billion of the world's most climate-vulnerable people live in informal settlements – here's what they face,,,,,
a5ba0d17-b01c-447f-9255-02ea0ece10af,a5ba0d17-b01c-447f-9255-02ea0ece10af,https://www.wri.org/research/potential-nature-based-solutions-initiatives-incorporate-and-scale-climate-adaptation,The Potential for Nature-Based Solutions Initiatives to Incorporate and Scale Climate Adaptation,,,,,
a93b2b76-7254-4955-a3d1-f4474b756a20,a93b2b76-7254-4955-a3d1-f4474b756a20,https://www.bloomberg.com/news/features/2022-01-21/how-africa-s-first-heat-officer-confronts-climate-change,Africa’s first Heat Officer faces a Daunting Task,,,,,
b726ec87-96d4-4019-8796-1ddd212dcc57,b726ec87-96d4-4019-8796-1ddd212dcc57,https://bfaglobal.com/insights/cross-cutting-themes-for-the-emergence-of-the-df4cr-ecosystem/,Cross-Cutting Themes for the Emergence of the DF4CR Ecosystem,,,,,
c09ad3e6-bb03-4a1e-a93a-cd6f3c20fd7c,c09ad3e6-bb03-4a1e-a93a-cd6f3c20fd7c,https://vcmprimer.org/,The Voluntary Carbon Market Explained,,,,,
c26cf930-b161-44e7-b035-04f9a687716f,c26cf930-b161-44e7-b035-04f9a687716f,https://www.cifaralliance.org/news/new-opportunity-brief-from-the-carbon-finance-working-group,Inclusive and Nature-based Carbon Markets: A Path to Resilient Livelihoods in Sub-Saharan Africa,,,,,
cd6b22f5-864e-47e8-914b-5f1df6d16cd4,cd6b22f5-864e-47e8-914b-5f1df6d16cd4,https://www.cifaralliance.org/news/cifar-alliance%3A-2023-annual-report,"Catalyzing Change, Building Momentum for Climate Action",,,,,
dcb4cd0c-f2e8-42d7-9576-2fd2fb6dee25,dcb4cd0c-f2e8-42d7-9576-2fd2fb6dee25,https://g.co/kgs/pvpr23,How to Avoid a Climate Disaster: The Solutions We Have and the Breakthroughs We Need,,,,,
df871add-3fff-4489-8a3a-f82098403129,df871add-3fff-4489-8a3a-f82098403129,https://www.statista.com/chart/amp/26904/estimated-global-co2-emission-share-by-income-groups/,The One Percent's Huge Carbon Footprint,,,,,
e16f9f55-ffc9-4d7a-9c7c-d4af50d3fdc4,e16f9f55-ffc9-4d7a-9c7c-d4af50d3fdc4,https://ig.ft.com/climate-game/,Can you reach net zero by 2050?,,,,,
e36ec48c-683f-4551-9933-fa2fd77d2818,e36ec48c-683f-4551-9933-fa2fd77d2818,https://theconversation.com/wealthy-countries-still-havent-met-their-100-billion-pledge-to-help-poor-countries-face-climate-change-and-the-risks-are-rising-173229,"Wealthy countries still haven’t met their $100 billion pledge to help poor countries face climate change, and the risks are rising",,,,,
e3e7b5ed-622d-44e9-9d13-e4ff73d808bc,e3e7b5ed-622d-44e9-9d13-e4ff73d808bc,https://www.sciencedirect.com/science/article/pii/S221191242200013X,"A review of evidence on gender equality, women’s empowerment, and food systems",,,,,
ea1d3437-6ec9-4bfe-84b7-1f83968c9708,ea1d3437-6ec9-4bfe-84b7-1f83968c9708,https://bfaglobal.com/the-opportunity-in-digital-finance-for-climate-resilience-df4cr/,Investment Brief: The Opportunity in DF4CR,,,,,
ed1710e5-1696-4784-8326-c87e088fec6f,ed1710e5-1696-4784-8326-c87e088fec6f,https://www.theguardian.com/environment/2022/jul/14/extreme-heat-around-the-world-in-videos-photos-and-graphics?CMP=Share_iOSApp_Other,"Extreme heat around the world in videos, photos, and graphics",,,,,
ee9d3763-606f-4662-b642-9cb7fe9ad690,ee9d3763-606f-4662-b642-9cb7fe9ad690,https://www.cifaralliance.org/news/a-case-study-on-oko's-crop-insurance-in-mali,Impact Investment in Climate-Resilient Drought Insurance,,,,,
f261d9db-c2df-47ce-b655-943820ace23f,f261d9db-c2df-47ce-b655-943820ace23f,https://www.nytimes.com/2022/05/25/climate/climate-new-york-times-event.html,How Can a Climate-Resilient Future Address Inequality?,,,,,
f68a0cf4-f002-41d4-97fc-e7b9bff2d0d3,f68a0cf4-f002-41d4-97fc-e7b9bff2d0d3,https://wires.onlinelibrary.wiley.com/doi/10.1002/wcc.793,The triple differential vulnerability of female entrepreneurs to climate risk in sub-Saharan Africa: Gendered barriers and enablers to private sector adaptation,,,,,
fbd4615c-d4b2-4f83-92e9-b29d54942d68,fbd4615c-d4b2-4f83-92e9-b29d54942d68,https://drive.google.com/file/d/1GJwDi00skoSVPP7mqBQeERTjFntbboQW/view?usp=sharing,Learning to Navigate Resilience,,,,,